Hospital Code,Hospital Name,Hospital Address,City,State,,
HA/GUR/NIDA02,Nidaan Hospital And Trauma,"Near N.B.G.S.M College, Sohna",Gurugram,Haryana,,
HA/HIS/CMC 10572,Cmc Hospital (Central Medical,"Dabra Chock, Delhi Road, Opp Red Cross",Hisar,Haryana,,
MA/GWA/SHRI01,Shri Krishna Hospital,"Pavansut Colony, Near, Sachin Tendulkar",Gwalior,Madhya Pradesh,,
UT/GHA/CHAN01,Chandra Laxmi Hospital Ltd.,"Plot # 337, Sector -4, Vaishali",Ghaziabad,Uttar Pradesh,,
PU/AMR/MANU02,Manu Arora Hospital,Manu Arora Hospital San Sahib Road Chheharta,Amritsar,Punjab,,
PU/AMR/NEW 01,New Life Hospital,Opp Guru Nanak Avenue Majitha Road,Amritsar,Punjab,,
PU/JAL/BALA01,Balaji Medicare Hospital,"132-A, Ashok Nagar, Near Shehnai Palace Basti",Jalandhar,Punjab,,
PU/AMR/VERM02,Verma Hospital,Meeran Kot Chownk Khairabad Road,Amritsar,Punjab,,
PU/BAT/ADES03,Adesh Institute Of Medical Science,Bhucho Khurd Barnal Road,Bathinda,Punjab,,
PU/AMR/NEEL03,Neelkanth Hospital,"Near Spring Dale School, Fatehgarh Churian",Amritsar,Punjab,,
PU/AMR/SAND04,Sandhu Lifecare Hospital,G T Road Chheharta Chowk,Amritsar,Punjab,,
TE/SHA/TIRU02,Tirumala Multispeciality Hospital,Plot No 47 Apseb Colony Omkar Nagar Sagar,Shamshabad,Telangana,,
HA/BHI/RPS 01,Rps Hospital Maternity And,"Main Rohtak Bhiwani Road, Kharak Kalan",Bhiwani,Haryana,,
HA/BHI/LIFE18464,Life Care Multispeciality Hospital,"Opp. Pwd Rest House, Rohtak Road,",Bhiwani,Haryana,,
MA/CHH/GAUR02,Gaurav Hospital,"2-A Rani Bagh , Sector A , Ahead Of Radha",Indore,Madhya Pradesh,,
HA/ROH/PRAG01,Pragati Hospital,"Sukhpura Chowk, Gohana Road, Opp Ladhot",Rohtak,Haryana,,
RA/JHU/R AN01,R And R Multispeciality Hospital,23 Churur Road,Jhunjhunun,Rajasthan,,
OR/BAL/DURG01,Durga Nursing Home & Research,Vivekananda Marg,Baleshwar,Odisha,,
RA/BHI/PORW01,Porwal Hospital Pvt Ltd.,"Love Garden Road, R.C. Vyas Colony,",Bhilwara,Rajasthan,,
UT/GHA/RELI02,Reliable Hospital,"K-112, Sec-12, Pratapvihar Ghaziabad",Ghaziabad,Uttar Pradesh,,
TE/HYD/RAMY01,Ramya Nursing Home,"8-5-217, Plot No-8, Old Bowenpally,",Hyderabad,Telangana,,
HA/KAR/AMRI01,Amritdhara Hospital Private Limited,Chaura Bazar,Karnal,Haryana,,
HA/SON/KRIS03,Krisha Hospital,"Auchandi Delhi Border Road, Saidpur, Sonipat",Sonipat,Haryana,,
HI/BAD/THAK23515,Thakur Hospital,"Near Officer Colony, Vardhman Tehsil Baddi",Baddi,Himachal Pradesh,,
RA/BHA/SHRE01,Shree Ram Hospital And Research,"Bharatpur Road, Roopbas",Roopbas,Rajasthan,,
KA/BAN/DIVI13550,Divine Care Multi Speciality,"Sy No.332/3, Pipeline Road,Kothanur Post,",Bangalore,Karnataka,,
UT/MEE/SANT1341,Santosh Hospital,"L-62/631,Shastrinagar",Meerut,Uttar Pradesh,,
UT/MEE/APUS01,Apusnova Multispeciality Hospital,"C-6,Rakshapuram,Mawanaroad",Meerut,Uttar Pradesh,,
UT/GAU/KUMA03,Kumar Hospital (A Multispeciality,Opp Rama Cinema Near Suraj Band Railway,Dadri,Uttar Pradesh,,
HA/GUR/JYOT05,Jyoti Hospital And Trauma Centre,121/3 Pataudi Road Farrukh Nagar,Farrrukhnagar,Haryana,,
DE/WES/AAKA01,Aakash Eye And General Hospital,"A-116,, Arjun Park, (Opp. Aakash Public School)",New Delhi,Delhi,,
DE/SOU/SING01,Singhal Hospital,"C 40, Street no. 9 Sadhnagar(Near desu office),",New Delhi,Delhi,,
RA/ALW/GETW187,Getwell Hospital & Trauma Centre,"Near Chinar Hotel, Nh 8",Alwar,Rajasthan,,
DE/EAS/SMS 02,Sms Hospital,15 Gagan Vihar,New Delhi,Delhi,,
HA/REW/UJJW02,Ujjwal Hospital And Maternity,Rewari,Rewari,Haryana,,
HA/MAH/SPAR01,Sparsh Hospital,Bawal,Rewari,Haryana,,
HA/ROH/SHIV03,Shiva Health Care Hospital,"Jind Bye Pass Road , Rohtak",Rohtak,Haryana,,
HA/BHI/AMAN01,Aman Hospital,Vpo -Kitlana,Bhiwani,Haryana,,
HA/GUR/MAMT01,Mamta Hospital,"877/2,Mataroad",Gurugram,Haryana,,
HA/CHA/YADA01,Yadav Hospital & Maternity Home,"Rohtakroad,Charkhidadridistt:Bhiwani",Charkhi Dadri,Haryana,,
HA/REW/GALA01,Galaxy Hospital & Trauma Centre,Bawalindusrialarea,Bawal,Haryana,,
HA/KAR/SATY01,Satyam Hospital,Karnal Road Near Civil Hospital Assandh,Assandh,Haryana,,
Hospital Code,Hospital Name,,Hospital Address,City,Effective,
RA/JOD/SATY01,Satyam Hospital And Research,,"26, Pokaran House Opp.Railway Hospital",Jodhpur,13-Jan-23,
HA/JHA/MEDI2130,Medicare Super Speciality Hospital,,"Opp. Pwd ruest house, Dadri road",Jhajjar,13-Jan-23,
HA/JIN/METR02,Metro Jind Hospital And Icu,,Old Trupti Building Opp Lic Building Near Court,Jind,13-Jan-23,
HA/FAR/BARE01,Bareja Hospital,,Fatehpur Billoch,Ballabgarh,13-Jan-23,
HA/KAR/OM H01,Om Hospital,,Ram Nagar Assandh,Karnal,13-Jan-23,
HA/GUR/SHRI2396,Shri Kailash Hospital,,Bhangrola,Manesar,13-Jan-23,
RA/ALW/BMR 02,Bmr Hospital,,1/14 Uit Road Sect. 1 Bhiwadi Alwar,Bhiwadi,13-Jan-23,
HA/GUR/CHAU01,Chauhan Hospital,,"Near Chungi No 4, Tauru Road, Teh. Pataidi,",Pataudi,13-Jan-23,
HA/KAR/SWAS01,Swastik Hospital,Multispeciality,"Opp. Civil Hospital,Karnal-132001",Karnal,13-Jan-23,
HA/KAR/PRP 01,Prp Hospital Kidney Centre And,,"Opp. Civil Hospital, Karnal",Karnal,13-Jan-23,
HA/MAH/SAMM02,Sammat Memorial Hospital,,Sastri Colony Opp.Bus Stand Mahendergarh,Mahendergarh,13-Jan-23,
HA/GUR/SAI 04,Sai Siddhi,Urology And,Plot No-82 Sec-46,Gurugram,13-Jan-23,
DE/NEW/SARG01,Sargam Health Care,,"Khasra No. 77, Opp. India Bank, Old Delhi",New Delhi,13-Jan-23,
MA/CHH/AROG02,Arogyam The Medicity,,Behind Punjab National Bank Thatipur,Gwalior,13-Jan-23,
HA/GUR/NEW 01,New Life Hospital Pvt Ltd,,A-15 Palam Vihar Road Opposite Power House,Gurugram,13-Jan-23,
HA/MAH/VIJA01,Vijay Nursing Home,,"Bus Stand Road, Narnaul",Mahendergarh,13-Jan-23,
DE/WES/CLIF02,Clifton Springs Hospital,,"Plot No-3,Gurgaon Delhi Road",New Delhi,13-Jan-23,
UT/AGR/AYUS01,Ayushman Hospital,,Sikandra Bodla Road Agra,Agra,13-Jan-23,
HA/FAR/MANA2459,Manavta Hospital Pvt Ltd,,"Plot No.-494, Near Women Iti, Uncha Gaon,",Ballabgarh,13-Jan-23,
HA/REW/MEDI03,Medicure Hospital,,"Gali No. 2, Poswal Chowk, Rewari",Rewari,13-Jan-23,
RA/ALW/SATY02,Satyam Hospital,,Near Power House,Main Road,8900080394919,13-Jan-23
TE/SAN/PANA01,Panacea Meridian Hospital,,"H.No. 25-35/12/1, R.C. Puram",Hyderabad,13-Jan-23,
UT/JHA/MAA 17255,Maa Vaishno Hospital And Trauma,,Opposite Mlb Medical College Gate No 4 Kanpur,Jhansi,13-Jan-23,
HA/ROH/OSCA180,Oscar Super Speciality Hospital,,"256/30, Daryao Singh Nagar, Medical More,",Rohtak,13-Jan-23,
MA/CHH/MAHA07,Maharana Pratap Hospital,,"Gulab Bag, Near Mrf Tyre, Dewas Naka",Indore,13-Jan-23,
HA/HIS/SAAN02,Saanvi Hospital,,"Chc Road, Barwala, Hisar",Barwala,13-Jan-23,
RA/JAI/PULS02,Pulse Multispeciality Hospital And,,"Opp. Rtm Hotel, Nh 8, Kotputli, Jaipur",Jaipur,13-Jan-23,
WE/KOL/APEX01,Apex Clinic Private Limited,,"844 A, Rasa Ram Mohan Roy Road, Barisha",Kolkata,13-Jan-23,
MA/BHO/VAIS01,Vaishno Hospital,,"Near Krishna Temple, Khajuri Kalan Road,",Bhopal,13-Jan-23,
HA/JHA/SWAS02,Swastik Hospital,,514 & 518 Shakti Nagar Main Jhajjar Road,Bahadurgarh,13-Jan-23,
HA/REW/OM H03,Om Hospital,,"Nrp Bass Road, Dharuhera",Dharuhera,13-Jan-23,
MA/BHO/CITI01,Citi Hospital,,"115, Zone-Ii, M.P. Nagar, Behind Pragati Petrol",Bhopal,13-Jan-23,
HA/REW/SUSH01,Sushma Devi Hospital,,Near Power House And Bharat Petol Pump,Rewari,13-Jan-23,
UT/MAT/CITY12429,City Super Speciality Hospital,,"Mmi Squar, Opp. Jain Chaurasi Mandir, Near",Mathura,13-Jan-23,
DE/DEL/KARU9716,Karuna Hospital,,"D-62, Dilshad Colony",New Delhi,13-Jan-23,
DE/SOU/R R 02,R R Hospital,,Jai Vihar Phase 3 Near Shanti Ideal Public,New Delhi,13-Jan-23,
MA/KHA/GURJ1358,Gurjar Shri Hospita,,552/140 Behind Civil Hospital Jawahrr Marg,Sanawad,13-Jan-23,
TE/MAL/MAAX01,Maax Life Hospital,,Plot No A/529 Opp Mega Foundation Hall,Hyderabad,13-Jan-23,
MA/NAG/AROG01,Arogyam Superspeciality Hosital,,"34, Sita Nagar, Wardhs Road",Nagpur,13-Jan-23,
MA/THA/MAHA964,Mahavir Hospital,,"G / 1 To 4 / Shivaleen Building, Opposite",Bhayandar,13-Jan-23,
MA/NAG/MEDI03,Meditrina Institute Of Medical,,"278, Central Bazar Road, Ramdaspeth",Nagpur,13-Jan-23,
MA/NAS/SUDA107,Sudarshan Hospital,,"City Plaza, Opp. Kalika Mandir, Old Agra Road",Nashik,13-Jan-23,
MA/PUN/SPAR250,Sparsh Hospital,,Sr No 353 Emerald Building Parandwadi Road,Pune,13-Jan-23,
GU/SUR/SUDE01,Sudeep Hospital And Maternity,,"Ratan Sagar Apt., Near Varachha New Police",Surat,13-Jan-23,
Hospital Code,Hospital Name,Hospital Address,,City,Effective,
UT/VAR/PANA2257,Panacea Hospital,"Aaroha Healthcare (P) Ltd, B 36/44 F-K",,Varanasi,13-Jan-23,
UT/MEE/NAVJ01,Navjeevan Hospital,447/1 Mangal Pandey Nagar,,Meerut,13-Jan-23,
UT/KAN/LIFE02,Lifetron Hospital,"O/Pr-2, Sec-O Awas Vikas Keshavpuram",,Kanpur,13-Jan-23,
UT/UDH/AYUS01,Ayushman Multispeciality Hospital,Opp Kakku Tyre Shop Moradbad Road Near,,Kashipur,13-Jan-23,
DE/DEL/TYAG02,Tyagi Nursing Home Pvt. Ltd.,"66/3 And 66/4, Ashok Nagar",,New Delhi,13-Jan-23,
DE/WES/MEDS01,Medstar Hospital,A345 Paschim Vihar,,New Delhi,13-Jan-23,
HA/JHA/AAYU01,Aayushman Multispeciality Hospital,"Main Chowk, Jhajjar Road, Vpo Dighal",,Beri,13-Jan-23,
HA/ROH/DEEP02,Deepanjali Multispeciality Hospital,"Gohana Road, Near New Bus Stand, Meham,",,Meham,13-Jan-23,
WE/KOL/BANG01,Bangur Medicare Research,"8 A, D.H. Road, Thankurrpukur",,Kolkata,13-Jan-23,
WE/KOL/DILK01,Dilkusha Nursing Home Pvt. Ltd.,"94 A, Dilkusha Street",,Kolkata,13-Jan-23,
WE/KOL/LBNU01,L B Nursing Home,"204-A, A.P.C. Roada Shyam Bazar 5.Pt-",,Kolkata,13-Jan-23,
WE/KOL/MBNU01,M.B. Nursing Home Pvt. Ltd.,"55 B/1, Dilkhusa Street",,Kolkata,13-Jan-23,
WE/KOL/NEWL01,New Life Nursing Home,"Sahabagan, Jyangra, Rajarhat Road (Opp. Arti",,Kolkata,13-Jan-23,
WE/KOL/PHOE01,Phoenix Hospital And Diagnostic,"2, Motilal Colony Nirmal Senggupta Sarani",,Kolkata,13-Jan-23,
WE/KOL/PORT01,Port View Nursing Home Pvt Ltd,"7, Dr. Sudhir Basu Road 1",,Kolkata,13-Jan-23,
WE/KOL/ADIT02,Aditya Hospital,"965, Jessore Road",,Kolkata,13-Jan-23,
WE/KOL/RFLE01,R-Flemming Hospital (A Unit Of,"11A/1H, Topsia Road (East)",,Kolkata,13-Jan-23,
GU/GAN/LIFE01,Life Line Multispeciality Hospital,"Plot No. 72, Ward 7/B, Near Ima Blood Bank,",,Gandhidham,13-Jan-23,
GU/VAD/AMRU106,Amrut Multispeciality Hospital,"A/4, Bhagwati Park, Opp. Tube Company, Nr.",,Vadodara,13-Jan-23,
GU/SUR/VARD07,Vardan Hospital & Icu,"Shop No. 6,7,8,9, Mazenine, Orchid Towers,",,Surat,13-Jan-23,
HA/REW/MEDI04,Mediom Hospital,"Near Nagar Palika, Sohna Road, Dharuhera",,Dharuhera,13-Jan-23,
MA/SHA/DEEP01,Deepshikha Hospital,"31, Sectore-A, Vidhyanagar, Near Bu, Main",,Bhopal,13-Jan-23,
UT/KAN/RAJR01,Rajrani Hospital,"A, 33/1, Awas Vikas Colony, Hanspuram,",,Kanpur,13-Jan-23,
UT/MOR/SELE01,Select Hospital,Near Rto Office Mini Bypass Road,,Moradabad,13-Jan-23,
MA/GWA/G S 01,G S Hospital And Reserach,Opp Madhav Despensary Lashkar,,Gwalior,13-Jan-23,
OD/PUR/EMER01,Emergency 24 Hospital,Plot No 433 And 434 Tulai Road Dolamandap,,Puri,13-Jan-23,
KA/BAN/LAVE02,Lavender Lotus Multi-Specialty,"51,6Th, A Cross, Opp. Kenneth Geprge English",,Bangalore,13-Jan-23,
KA/BAN/SRI 32,Sri Krishna Hospital,"Hv Rangappa Building, Dodda Gollarahatti,",,Bangalore,13-Jan-23,
KA/BAN/VALE02,Valens Hospitals,"33-34, New Dwarka Nagar Extension Bagalur",,Bangalore,13-Jan-23,
MA/NAS/PRAB02,Prabhavati Accident And Critical,"Plot No.07, Opp Mahendra Gate, Shramik Nagar",,Nashik,13-Jan-23,
MA/AUR/MEDI03,Medi Health Hospital,"Opp.Sports Turf , Plot No 13,","Gut No 92,",Aurangabad,13-Jan-23,
TA/CHE/ANJA01,Anjakha Hospital,"No 23 Medavakkam Main Road, Madipakkam",,Chennai,13-Jan-23,
CH/RAJ/GUPT01,Gupta Hospital,Ratna Bandha Road,,Dhamtari,13-Jan-23,
MA/JAB/SWAS01,Swastik Multispeciality Hospital And,In Front Of Interstate Bus Termina Deen Dayal,,Jabalpur,13-Jan-23,
MA/NAG/CARE01,Ganga Care Hospital Ltd (Unit Of,"3 Farmland, Panchshel Square, Ramdaspeth,",,Nagpur,13-Jan-23,
MA/NAV/GLOB01,Global 5 Health Care,"D-2, Aditi Appt., F-Type, Main Road, Sector - 9,",,Mumbai,13-Jan-23,
MA/MUM/RIDD1867,Riddhi Vinayak Critical Care And,559 1 Riddhi Vinayak Temple Lane Near N L,,Mumbai,13-Jan-23,
MA/NAS/SAYK01,Saykhedkar Hospital & Research,"Kamatwada Road, Trimurti Chowk, Cidco",,Nashik,13-Jan-23,
MA/NAG/CENT106,Central Avenue Criticare Hospital,Mahalaxmi Complex,,Nagpur,13-Jan-23,
MA/NAS/CHOP106,Chopda Medicare And Research,"3/5,Patil Lane No.1,Laxmi Nagar,Near Kbh",,Nashik,13-Jan-23,
Hospital Code,Hospital Name,Hospital Address,City,State,,
MA/AHM/CITY1108,City Care Trust Hospital,"Viraj Estate , Opp Tarak Pur Bus Stand ,",Ahmednagar,Maharashtra,,
MA/NAG/APUL1158,Apulki Vairagade Hospital,"150, Manewada Cement Road,Apposite Nav",Nagpur,Maharashtra,,
PU/BAT/IVY 01,Ivy Hospital,Mansa Road,Bathinda,Punjab,,
UT/MEE/AGRA01,Agrawal Eye Hospital,"61, Shivaji Road, Near Nas College",Meerut,Uttar Pradesh,,
UT/MEE/ANAN01,Anand Hospital,"A-1, Damodar Colony, Garh Road",Meerut,Uttar Pradesh,,
UT/ALL/ASHU1979,Ashutosh Hospital And Trauma,15/20 Hashimpur Road (Opp.Kamla Nehru,Allahabad,Uttar Pradesh,,
UT/ALL/DAYA01,Dayal Nursing Home And Maternity,"Plot No. A-1 H.I.G, Neem Sarai, Mundera",Allahabad,Uttar Pradesh,,
UT/ALL/KANH2345,Kanha Medical Center,"717K/1, Chak Raghunath, Mewalal Ki Bagiya (In",Allahabad,Uttar Pradesh,,
UT/MEE/MIMH1811,Mimhans Neurosiences Hospital,"281, 283 Sector 1, Mangal Pandey Nagar, Opp.",Meerut,Uttar Pradesh,,
PU/PAT/LIFE01,Lifeline Superspeciality Hospital,Ambala Chandigarh Highway Nh22 Plot No 234,Zirakpur,Punjab,,
HI/KAN/CITY01,City Hospital,Matour Palampur Road Opp Sant Hyundai,Kangra,Himachal Pradesh,,
PU/AMR/PREE04,Preet Hospital,"Fatehgarh Churian Road, Near Rattan Singh",Amritsar,Punjab,,
MA/NAS/SYNE9083,Synergy Hospital And Research,"Waghulde Plaza, Geeta Nagar Bus Stop, Dindori",Nashik,Maharashtra,,
UT/ALL/JAHA01,Jahangeer Memorial Charitable,8/1 Jahangir Chauraha (Arail Crossing),Allahabad,Uttar Pradesh,,
DE/WES/KONA02,Konarc Hospital,"9A/1, Naresh Park, Near Water Tank Main",New Delhi,Delhi,,
WE/SOU/DEBD01,Debdoot Sevayan,51 Charu Avenue,Kolkata,West Bengal,,
HA/GUR/SHIV1720,Shiva Hospital,287/A Sector 12 Mata Road Near Dada Singha,Gurugram,Haryana,,
HA/ROH/ADVA215,Advanta Super Speciality Hospital,"Dev Colony, Delhi Road",Rohtak,Haryana,,
MA/RAJ/AYUS01,Ayushman Hospital,Ward No 4 Kurawar Narsinghgarh Road Near,Narsinghgarh,Madhya Pradesh,,
HA/SON/RAMA02,Rama Hospital,"Sonepat Road, Bahalgarh",Sonipat,Haryana,,
UT/LUC/MRIT01,Mritunjaya Medical Centre Pvt Ltd,443/1 Nizampur Malhaur Chinhut,Lucknow,Uttar Pradesh,,
HA/FAR/VARD01,Vardaan Hospital,"3E-1, N.I.T.",Faridabad,Haryana,,
MA/MAN/AJAY01,Ajay Hospital,Shree Cold Chowk Sanjeet Road,Mandsaur,Madhya Pradesh,,
JH/DHA/AMRA01,Amrapali City Hospital,Damkara Barwa By Pass Road Behind Krishi,Dhanbad,Jharkhand,,
UT/GOR/DECE01,Decent Hospital And Trauma,"Buddh Vihar Part A,Taramandal,Gorakhpur,Up",Gorakhpur,Uttar Pradesh,,
MA/SEH/SANI01,Saniya Hospital,Katabag Bhopal Road,Sehore,Madhya Pradesh,,
MA/IND/LAKS1400,Lakshmi Memorial Hospital And,1/2 New Palasia Near Nehru Nagar Bridge,Indore,Madhya Pradesh,,
HA/ROH/CH,Ch Pratap Multi Speciality,"1859/19, Shri Nagar Colony",Rohtak,Haryana,,
P23509,Charitable Hospital,,,,,
UT/MIR/RAJ 22264,Raj Hospital,"Jalalpur, Chunar Road, Kachwa",Mirzapur,Uttar Pradesh,,
UT/ALL/VIJA23456,Vijay Memorial Hospital,"Mig-50, Preetam Nagar",Allahabad,Uttar Pradesh,,
UT/LUC/APEX1738,Apex Trauma Centre,"2/116-A, Sector-J, Main Kursi Road, Opp",Lucknow,Uttar Pradesh,,
UT/BAR/GANG03,Gangasheel Advanced Medical,"C - 17, Deen Dayal Puram",Bareilly,Uttar Pradesh,,
HA/HOD/GOYA01,Goyal Nursing Home,Near Bus Stand,Palwal,Haryana,,
HA/FAR/KEDA2339,Kedar Hospital,"3B/3, B P Nr D A V College, Nit",Faridabad,Haryana,,
UT/NOI/OM H21122,Om Hospital A Unit Of Om Nath,"M-132, Sector-66, Mamura, Near Orange Pie",Noida,Uttar Pradesh,,
UT/KAN/MANN230,Mannat Hospital,"A-2311, Near Galla Mandi, Infront of Aman",Kanpur,Uttar Pradesh,,
MA/BHO/DHRC232,Dhrc Hospital,Near Over Bridge Galla Mandi,Bhopal,Madhya Pradesh,,
MA/CHH/SOHA01,Soham Hospital And Research,Mayur Market Behind Petrolpump Thatipur,Gwalior,Madhya Pradesh,,
MA/SAT/CITY01,City Care Multi Speciality Hospital,"Old Collectorate Road, Near Nagar Palika Store,",Sehore,Madhya Pradesh,,
MA/RAT/VISI01,Vision Hospital And Multispeciality,"H No. 97, Mubarakpur Chouraha, Indore By-",Bhopal,Madhya Pradesh,,
MA/IND/BIRL12369,Birla Hospital,"1120, 1118, New, Gori Nagar Main Rd, New",Indore,Madhya Pradesh,,
MA/RAT/ISHU01,ISHU multispeciality hospital and,"CHIKLOD ROAD, Near SBI Bank, Bangrasia",Bhopal,Madhya Pradesh,,
MA/BHO/EMPI01,Empire Hospital,"Thana Shahjahanabad Road, Infront of Nagar",Bhopal,Madhya Pradesh,,
Hospital Code,Hospital Name,Hospital Address,City,State,,
HA/JIN/GLOB01,Global Care Multispeciality Hospital,"Near Main Bus Stand,Kaithal Road,Nagura Distt.",Jind,Haryana,,
UT/BUL/MATR01,Matrachhaya Mother And Child,"Road, Near Vodafone Store, Dm Colony,",Bulandshahar,Uttar Pradesh,,
HA/FAR/OPAL01,Opal Hospital,"Plot No. 86 Near Omex Hieght,Exit Gate No.2",Faridabad,Haryana,,
HA/SON/PREM01,Prem Hospital (A Multi Speciality,"Meerut Road, Bahalgarh, Sonipat (H.R.)",Sonipat,Haryana,,
RA/JHU/DHAN01,Dhanvantari Multispeciality Hospital,"G, Indra Nagar, Jhunjhunu, Rajasthan",Jhunjhunun,Rajasthan,,
HA/JHA/ADIY01,Adiyogi Arogya Avenue Hospital,"Near Civil Hospital Bank Gate On Bypass ,",Jhajjar,Haryana,,
DE/DEL/SATY01,Satyabhama Hospitals (P) Ltd.,"Rz-10,Naresh Park,Najafgarh Road,Opposite",New Delhi,Delhi,,
UT/GAU/METR02,Metro City Hospital & Trauma,Near Parag Dairy Village Kakrala Khawaspur,Gautam Buddha,Uttar Pradesh,,
MA/JAL/SANT02,Sant Gadgebaba Multispeciality,"Near Satkar Complex, Civil Hospital Road,Jalna",Jalna,Maharashtra,,
MA/KHA/CHAR124,Charak Hospital,"23, Near Tabassum Clinic, Opp. Police Station,",Khandwa,Maharashtra,,
MA/CHH/CHAR01,Charak Hospital Private Limited,Film Bhawan Rani Sati Gate Yeshwant Niwas,Indore,Madhya Pradesh,,
MA/PUN/GORA02,Gorad Hospital,"Gadhave-Nanaware Heights,Opp Market",Pune,Maharashtra,,
UT/KAN/ANAN03,Anant Raj Hospital,"Near, Over Bridge Akbarpur, Kanpur Dehat,",Kanpur,Haryana,,
HA/JIN/BHAR02,Bharat Multispeciality Hospital,"Opposite Pnb, Kaithal Road, Patiala Chowk, Jind-",Jind,Haryana,,
UT/AGR/DEEP03,Deepshikha Dharmesh Hospital,"Pankaj Motors, Prince Dhaba Ke Samne Nagla",Agra,Uttar Pradesh,,
HA/JHA/JEEW03,Jeewan Mala Hospital,"Plot No. 193, Shakti Nagar, Jhajjar Road,",Jhajjar,Haryana,,
PU/AMR/M.S.03,M.S. Multispeiality Hospital,"Near Namdhari Kanda, Tarn Taran, Road",Tarn Taran,Punjab,,
UT/AGR/MOTI02,Moti Hospital,"Bodla-Bichpuri Road, Opp. Mayur Gas Godown,",Agra,Uttar Pradesh,,
UT/AGR/PATH02,Pathak Shri Hospital,"Near Police Chowki, Bodla Bharatpur Road,",Agra,Uttar Pradesh,,
UT/KAN/SSV 01,Ssv Hospital,"103/116, K R Puram, Sanigawan Road (Near",Kanpur,Uttar Pradesh,,
HA/FAR/VERM02,Verma Hospital,"Kheri Road, Hanuman Nagar, Near Blc School,",Faridabad,Haryana,,
UT/KAN/WEE 01,Wee Care Kirandeep Medical,"14/116, D-3, Civil Lines, Kanpur, Up",Kanpur,Uttar Pradesh,,
MA/DEW/AMAN02,Aman Hospital,"8, Vijay Nagar, Dewas, Mp",Dewas,Madhya Pradesh,,
RA/ALW/CITY2423,City Nursing Home,"C-1, Sadar Bazar, Near Housing Board, Bhiwadi-",Bhiwadi,Rajasthan,,
MA/BHO/DK'S01,Dk'S Hospital Critical Care &,"Plot No. 4, Opposite Vidya Sagar School, Bus",Bhopal,Madhya Pradesh,,
HA/GUR/FORT233,Fortune Hospital Maternity And,"116, Vpo. Badshahpur, Teh. Badshahpur,",Gurugram,Haryana,,
UT/JAU/INDR21530,Indra Hospital & Maternity Home,"Kalichabad Naiganj, Jaunpur Uttar Pradesh",Jaunpur,Uttar Pradesh,,
MA/CHH/JEEW02,Jeewan Asha Superspeciality,"Tansen Nagar In Front Of Tirupati Motors, Near",Gwalior,Madhya Pradesh,,
RA/GAN/MADH02,Madhav Hospital,"Near Pnb, Kund Road, Behror - 301701, Alwar",Alwar,Rajasthan,,
UT/BUL/MEER01,Meerut Life Line Hospital,"Near Muslim Inter College, Raje Sabu Road,",Bulandshahar,Uttar Pradesh,,
TE/MAL/RAM 02,Ram Raj Hospitals,"57/A, Shapur Nagar, Ida Jeedimetla Hyderabad-",Hyderabad,Telangana,,
MA/MUM/MANI245,Manisha Universal Multispeciality,"2Nd Floor, Manisha Heights, Vaishali Nagar, Lbs",Mumbai,Maharashtra,,
UT/JHA/KANK01,Kankane Superspeciality Hospital,"Opp Medical College Gate No 3, Kanpur Road,",Jhansi,Uttar Pradesh,,
GU/AHM/ANAN961,Ananta Multispeciality Hospital,"4Th Floor, 416-418, Centre Point, Opp.",Ahmedabad,Gujarat,,
UT/MUZ/GLOB02,Global Shanti Care Hospital,"Panipat-Kairana Road, Shamli, Up",Shamli,Uttar Pradesh,,
MA/THA/MAXW02,Maxwell Hospital,"101, Tai Bai Plaza, Near Nageshwar Mandir,",Mumbai,Maharashtra,,
HA/GUR/NAVJ02 &,Navjeevan Hospital,"Nizampur Road, Narnaul-122003, Haryana",Mahendergarh,Haryana,,
HA/MAH/NAVJ01,,,,,,
Hospital Code,Hospital Name,,Hospital Address,City,Effective,
HA/REW/RAO 01,Rao Phool Singh Hospital And,,"Near Komal Ultrasound, Rewari Road, Bawal",Bawal,8-Feb-23,
UT/MEE/REET03,Reeta Multispeciality Hospital,,"616 Shobhapur, Rohta Road, Near Bye Pass,",Meerut,8-Feb-23,
RA/ALW/REGE02,Regency Grand Hospital,,"Main Chopanki-Bhiwadi Road Chopanki, Distt.",Alwar,8-Feb-23,
DE/SOU/SARA01,Saral Nursing Home,,"C-198/199, Pul Prahladpur, Main Mb Road, New",New Delhi,8-Feb-23,
HA/ROH/MADO02,Madox Hospital,,"Plot No. 425, Near Champion Gym, Delhi",Rohtak,8-Feb-23,
HA/FAR/ZENI01,Zenith Hospital,,187/1 Mohan Nager Near Bank Of Baroda,Faridabad,8-Feb-23,
HA/PAL/PALW02,Palwal Hospital,,Old G.T. Road,Palwal,8-Feb-23,
UT/MEE/C B 17637,C.B.Memorial Nursing Home,,"K-67,Palhera Chopla,Pallavpuram,Phase-",Meerut,8-Feb-23,
DE/DEL/KALY1059,Kalyani Hospital,,"Rz-30A, Rati Ram Park, Naya Bazar, (Opp.",New Delhi,15-Feb-23,
GU/ANA/RUTU01,Rutu General Hospital,,"Mahavir Marg, Near Ajanta Society",Anand,15-Feb-23,
HA/JHA/DR S22065,Dr Sanjay Multi Speciality Hospital,,"Near Gajraj Hotel, Opp. Govt. Hospital, Rohtak",Bahadurgarh,15-Feb-23,
MA/MUM/PUNA01,Punamiya Hospital,,"1St Floor, Inder Tower, Gokhale Road (South),",Mumbai,15-Feb-23,
MA/NAS/RAMA01,Ramalayam Hospital,,"Dr. Gonakar Building, Panchawati Karanja",Nashik,15-Feb-23,
MA/PUN/RAO,Rao Nursing Home,,"Survey No 691A-1A-1, Cts No. 1897B, Pune",Pune,15-Feb-23,
MA/NAS/APOL1908,Apollo Hospitals Enterprise Limited,,"Plot No. 1, Swaminarayan Nagar, Off Mumbai-",Nashik,15-Feb-23,
MA/REW/SARA01,Saraswati Hospital,,"326/0/1 Bai Ka Bag , In-Front Of Ashok Bajpai",Allahabad,15-Feb-23,
DE/DEL/PGH,Pgh Hospital Pvt Ltd,,"Plot No.-89-A, Vikas Nagar Extn. Phase-2, Block-",New Delhi,15-Feb-23,
DE/WES/TARA02,Tarak Hospitals India Pvt Ltd,,C-7 Jai Bharat Enclave,New Delhi,15-Feb-23,
MA/SOL/KADA03,Kadam Multispeciality Hospital,,Near Old Bus Stand Akluj Tal-Malshiras Dist-,Akluj,15-Feb-23,
HA/REW/SAMR01,Samrat Hospital,,"Near Azad Chowk, Circular Road",Rewari,15-Feb-23,
PU/SAH/NEW 01,New Life Line Hospital,,Ambala Chandigarh Nh 22 Near Sales Tax,Zirakpur,3-Mar-23,
HA/KAI/ASHA01,Asha Multispeciality Hospital,,"Near Bus Stand, Kangthali, Kaithal",Kangthali,27-Mar-23,
HA/KAI/HOLY01,Holy,Angel Hospital And Eye Care,Cheeka Road Siwan,kaithal,27-Mar-23,
HA/KAI/RADH01,Radha Krishan Nursing Home,,"Ice factory Road, cheeka, Kaithal",Cheeka,27-Mar-23,
UT/AUR/KRIS02,Krishna Medical Center,,"Dibiyapur, Distt. Auraiya, U.P",Auraiya,27-Mar-23,
HA/KAR/SHMO01,Sh. Moolchand Kidney Hospital &,,"1075-76-77, Sector -13, Urban Estate",Karnal,27-Mar-23,
DE/SOU/NIRA01,Niramay Hospital,,"RZ-23 Indra Park, Tilak Pul, Pankha Road,",New Delhi,27-Mar-23,
GU/VAD/RHYT1711,Rhythm Heart Institute,,Near Siddharth Bunglows Beside Urmi School,Vadodara,19-Apr-23,
UT/GHA/NEW,New Life Hospital,,"Near Petrol Pump, Ntpc Road,Piplehda District -",Hapur,17-May-23,
BI/PAT/NIDA01,Nidan Hospital,,Harnichak More,Patna,17-May-23,
HA/FAR/S R 01,S R Hospital,,"Plot No 3 Apnaghar Society, Sohna Rd, Sector",Faridabad,17-May-23,
UT/ALI/SAFE01,Safe Health Hospital & Jachcha,,"Palwal Aligarh Road,Near Radhika Vihar,Jattari",Aligarh,17-May-23,
UT/LUC/PRID01,Pride Hospital & Trauma Center,,"3/130, Vishesh Khand, Gomt Inagar, Lucknow",Lucknow,17-May-23,
UT/GAU/AARO01,Aarogyadhara Hospital,,"Mdr 70W, Near Sub Registrar Office, Jewar,",Gautam Buddha,17-May-23,
UT/KAN/JK C01,Jk Care Hospital,,"Gc-66, Behind C.N.G. Petrol Pump, Awas Vikas,",Kanpur,17-May-23,
UT/LUC/RELI01,Relief Hospital,,"Ahibaranpur, Sitapur Road",Lucknow,17-May-23,
HA/FAR/SUN,Sun Shine Hospital,,"Sector 64, Sahupura Road, Uncha Gaon,",Faridabad,17-May-23,
UT/AGR/DR C01,Dr Chahar Multi Speciality Hospital,,"56/10J /6A6B West Arjun Nagar, Near Kheria",Agra,17-May-23,
BI/PAT/PRAY02,Prayas Hospital,,"Near Chandan Automobile, Main Road,",Patna,17-May-23,
UT/LUC/KDM 01,Kdm Hospital,,"F1/86, Sector - 12 ,Alamnagar Mohan Rd, Block",Lucknow,17-May-23,
UT/MEE/NEW,New Life Hospital,,Baghpat Road Jani Khurd Meerut,Meerut,17-May-23,
Hospital Code,Hospital Name,,Hospital Address,City,Effective,
BI/PAT/D D 02,D D Mandal Hospital Pvt Ltd,,"Aims To Digha , Rupaspur Nahar Road, Pillar",Patna,17-May-23,
UT/ALL/SURA02,Surabhi Hospital,,"776, Gaughat, Mutthiganj",Allahabad,17-May-23,
UT/LUC/NOVA01,Nova Hospital,,Jai Nigam Road Balaganj Chauraha,Lucknow,17-May-23,
UT/MIR/ASHI01,Ashirwad Hospital And Research,,"Bihasara Bazar, Mirzapur",Mirzapur,12-Jun-23,
UT/LUC/K V 01,K V Hospital,,"Near Mayavati More, Near Bardhwan College,",Lucknow,12-Jun-23,
UT/KAN/MAA,Maa Pitambara Hospital,,Ahrauli Check Post Kanpur Dehat,Kanpur,12-Jun-23,
MA/THA/TANW01,Tanwar Hospital,,Tanwar Tower Queen Park P K Road Mira Road,Mumbai,20-Jun-23,
TE/MAL/SRI 13,Sri Dharani Multi Speciality Hospital,,"3-43/B Nagaram X Road, Medchal Dist,",Hyderabad,20-Jun-23,
UT/KAN/GALA2353,Galaxy Hospital,,"3531, Awas Vikas Phase-3, Near Shiv Mandir,",Kanpur,20-Jun-23,
UT/MUZ/DIVY01,Divya Paramedical College And,,"Delhi-Saharanpur Road, Jalalabad, Shamli",Muzaffarnagar,17-Jul-23,
PU/PAT/GEMI01,Gemini Heart Care Hospital,,"Khasra No-4, National Highway, 22 Opp,",Chandigarh,17-Jul-23,
PU/RUP/SGTB01,SGTB Multispeciality Hospital,,Anandpur Sahib ( Near Civil Hospital ),Anandpur Sahib,17-Jul-23,
HI/SOL/AAKA02,Akash Hospital & Diagnostics,,"opposite Radha swami satsang bhawan, pinjore",Nalagarh,17-Jul-23,
RA/JAI/IMPE10680,Imperial Hospital & Research,,"Shashtri Nagar, Jaipur",Jaipur,7-Aug-23,
HA/GUR/OM,Om Multispecilaity Hospital,,Main Maruti Kunj Road Near Dps School Maruti,Gurugram,7-Aug-23,
M23872,,,Kunj,,,
MA/THA/SHRA2257,Shram Safalya Hospital,,"Shailyamallikarjun Ground Floor Near Nilam,",Thane,1-Oct-23,
KA/BAN/DR. 11,Dr. Ashwathaiah Poly Clinic,,"Ashwini Krupa , Railway Station Road Kadugodi",Bangalore,1-Oct-23,
RA/TAP/CITY20686,City Hospital & Trauma Centre,,"4R6H+Rj6, Alwar Bypass Road, Alwar - Bhiwadi",Bhiwadi,1-Oct-23,
RA/ALW/GLOB03,Global Hospital,,"Neemrana, Alwar, Rajasthan",Alwar,1-Oct-23,
RA/ALW/SANS02,Sanskar Hospital,,"Kaharani, Bhiwadi Phase Trithiya, Rajasthan",Bhiwadi,1-Oct-23,
HA/JIN/HEAR01,Heart Care Multi Specialty Hospital,,Near Kundan Cinema Krishna Colony Jind,Jind,1-Nov-23,
BI/PAT/RAKS01,Rakshita Trauma Hospital Pvt Ltd,,"H5QF+63Q, Bhoothnath Road, Kriti Nagar,",Patna,1-Nov-23,
HA/FAR/SHIV05,Shivmani Hospital,,"5E/9, B.P., Behind Obc Bank, Near Neelam",Faridabad,1-Nov-23,
HA/FAR/MADH02,Madhav Hospital ( A Unit Of,V.K,5 E / 16 Nit 5 Near Surya Ortho Hospital,Faridabad,1-Nov-23,
HA/REW/JANV02,Janvi Hospital,,"Kuthli Mode, Opp. Sanjay Garden, Rewari",Rewari,1-Dec-23,
RA/ALW/MANV01,Manvi Hospital,,Plot No. 101 Bibirani Gunsar Mod Teh. Kotkasim,Alwar,1-Dec-23,
HA/REW/GOOD01,Good Health Care Hospital,,"Opp. R.B.L. School , Near Indian Gas Goodem ,",Rewari,1-Dec-23,
HA/GUR/VIJA01,Vijay Hospital,,Surya Vihar Near Surya Vihar City Bus Stop,Gurugram,1-Dec-23,
BI/BEG/SAHA03,Sahaj Sanjeevani Hospital,,"East Of Mahila College ,Dak Banglow Chowk",Begusarai,1-Dec-23,
BI/BEG/PANA02,Panacea Hospital,,"Near Gyan Bharti School, N.H-31, Begusarai",Begusarai,1-Dec-23,
HA/KUR/SIDH01,Sidharth Hospital,,"Ladwa Road Near Grain Market, Kurukshetra",Kurukshetra,1-Dec-23,
MA/GWA/SARW01,Sarwa Dharam Hospital,,Ward No. 61 Kheriya Modi Chitora Road,Gwalior,1-Jan-24,
MA/JAB/KOTH01 &,Kothari hospital,,"Madan mahal station road, gate no. 4, wright",Jabalpur,1-Jan-24,
MA/JAB/KOTH02,,,town,,,
MA/IND/SHRE9889,Shree siddharth hospital,,"35-35, siddharth nagar gommatgiri, hatod road",Indore,1-Jan-24,
HA/KAI/MADA02,Madad Hospital,,"Karnal Road Opp. Hanuman Vatika , Kaithal",Kaithal,1-Jan-24,
GU/SUR/SHIV2375,Shivaay Hospital,,"55Y, 56 X, 56Y, 3Rd Floor, Gruham Empire, Nr",Surat,1-Jan-24,
DE/SOU/AGAR01,Agarwal Medical Centre,,"E-234,Greater Kailash Part-I,New Delhi",New Delhi,1-Jan-24,
MA/SAT/SHRI02,Shriram Hospital,,A/P. Shivnagar,Satara,1-Jan-24,
KA/BAN/SITA02,Sita Bhateja Speciality Hospital,,"No-8 And 9, O Shaughnessy Road, Langford",Bangalore,1-Jan-24,
MA/PUN/BIDA02,Bidaye Hospitals Private Limited,,"272/2,Sadashiv Peth, Pune, Mh 411030, Sharad",Pune,1-Jan-24,
HI/SHI/INDU10528,Indus Hospital (Shimla),,"Indus Drive, Mount Jakhoo Shimla",Shimla,1-Jan-24,
Hospital Code,Hospital Name,Hospital Address,City,State,,
MA/NAS/SAI 10573,Sai Hospital,"Sai Hospital,Crown Complex, Opp. Rajiv Gandhi",Nashik,Maharashtra,,
RA/JAI/RUDR01,Rudransh Hospital,Amarapali Marg Paschim Panchyawala Jaipur,Jaipur,Rajasthan,,
UT/LUC/CHAR1349,Charak Hospital And Research,"Near Safed Masjid, Dubagga, Hardoi Road",Lucknow,Uttar Pradesh,,
BI/MAD/VINI01,Vinit Nursing Home,"Purnia Gola Chock, B.P. Mandal Path Main",Madhepura,Bihar,,
BI/GAY/KAUS01,Kaushalya Nursing Home,"G.B. Road, Near Murarpur Chawk",Gaya,Bihar,,
BI/HAJ/KUNA01,Kunal Hospital,Samastipur Road P.O. Mahua Dist Vaishali,Vaishali,Bihar,,
BI/PAT/ABHI01,Abhinandan Hospital,"O/60, Doctors Colony, Kankarbag",Patna,Bihar,,
HA/GUR/SRS 02,Srs Hospital,Near Nirankar College Nuh Road Sohna,Gurugram,Haryana,,
HA/REW/SHRE201,Shree Ram Multispciality Hospital,"Narnaul Road, Gopal Dev Chowk Rewari",Rewari,Haryana,,
HA/MAH/MANT01,Manthan Hospital,"Main Naichana Road Opp-Tciexpress, Near",Mahendergarh,Haryana,,
HA/MEW/NEW 02,New Wadhwa Nursing Home,Delhi Road Ferozepur Jhirka,Mewat,Haryana,,
HA/REW/SURE02,Surendera Maternity And Trauma,Main Rewari Bawal Road .Opp- Secotr 2 Bawal,Rewari,Haryana,,
HA/MEW/AARI01,Dr. Aarif Hospital,"Vajir Ka Bas, Mannaka, Alwar, Teh",Mewat,Haryana,,
HA/GUR/AARV02,Aarvy Hospital,"530/18, Civil Lines, Opp. Nehru Stadium",Gurugram,Haryana,,
UT/LUC/RADI17678,Radius Joint Surgery Hospital,"Nh 2/2 Vishesh Khand-2, Gomti Nagar",Lucknow,Uttar Pradesh,,
TE/KHA/DR. 01,Dr. J R Prasad'S Hospital,Nehru Nagar Khammam,Khammam,Telangana,,
HA/REW/SIDD02,Siddhi Hospital ICU and Trauma,"Dharuhera - Bhiwadi Road, Near Axis Bank,",Rewari,Haryana,,
MA/GWA/LEEL01,Leela Multispeciality Hospital,"Near Raje Palace Gole Ka Mandir, Gwalior,",Gwalior,Madhya Pradesh,,
MA/RAT/HAMI01 &,Hamidia Multicare Hospital,"1st Floor, Tajul Masjid Ke Samne, Hamidia",Bhopal,Madhya Pradesh,,
MA/RAT/HAMI02,,"Road, Bhopal, Madhya Pradesh",,,,
HA/REW/MAA 05,Maa Bhagwati Devi Hospital,"Gali No. 5, Gulabi Bagh, Rewari",Rewari,Haryana,,
UT/ALL/CHAU01,Chaudhary Health Care Centre,"Medical Chauraha (Meja Wali Road), Koraon,",Allahabad,Uttar Pradesh,,
UT/GOR/KMC 01,Kmc Digital Hospital A Unit Of,"Mahuawa ,Farenda Road, Maharajganj, Uttar",Gorakhpur,Uttar Pradesh,,
BI/PAT/G B 02,G B Hospital,"Pillar No. 73, Behind Mangal Market, Raja",Patna,Bihar,,
MA/PUN/SAI 19283,Sai Hospital,"Chakan Talegaon Road ,Mahalunge, Near",Pune,Maharashtra,,
UT/NAI/KALY01,Kalyan Hospital,"Mukhani Chauraha, Kaladhungi Road Haldwani",Haldwani,Uttarakhand,,
MA/THA/OM,Om Multispeciality Hospital,Sakar Tower Bldg No. 023 Ground Floor 100Ft,Thane,Maharashtra,,
M23366,,Road Near Saket College Katemanivali Kalyan,,,,
UT/ALL/ANGE02,Angel Care Hospital,"Katra Chauraha, Road, Ubhari, Prayagraj, Uttar",Allahabad,Uttar Pradesh,,
HA/FAT/SHAL01 &,Shalini Surgical And Maternity,"Medical Enclave , Chandigarh Road , Tohana",Tohana,Haryana,,
HA/FAT/SHAL02,Hospital,,,,,
KA/BAN/VIDH01,Vidhyashekhar Shushruti Hospital,"# 63/2,Andrahalli Main Road",Bangalore,Karnataka,,
MA/CHH/SHRI04 &,Shri Bharat Hospital,"118/1, Khatipura Main Road, Shyam Nagar Main",Indore,Madhya Pradesh,,
MA/CHH/SHRI03,,Road,,,,
MA/GWA/SBM 01 &,Sbm Hospital,"1St Floor, Tajul Masjid Ke Samne, Hamidia",Gwalior,Madhya Pradesh,,
MA/GWA/S.B.01,,"Road, Bhopal, Madhya Pradesh",,,,
MA/BAR/CITY1308,City Hospital,"Station Road, Barnagar, Ujjain",Ujjain,Madhya Pradesh,,
MA/SIN/R.K.01,Rkdm Sanjeevani Hospital,"Near Hanuman Mandir, Kanal, Po- Bargawan,",Singrauli,Madhya Pradesh,,
PU/PAT/BANS07 &,Bansal Child Care,"9, Jagdish Marg",Patiala,Punjab,,
PU/PAT/BANS02,,,,,,
UT/GAU/SG H01,Sg Hospital,18-A Noida Dadri Road Tilapta Karanwas,Gautam Buddha,Uttar Pradesh,,
UT/SIT/MEDI01,Medicity Hospital,Sanjay Nagar Sitapur Uttar Pradesh,Sitapur,Uttar Pradesh,,
MA/RAT/NAGI01&,Naginadevi Multispeciality Hospital,101 Tai Bai Plaza Next To Nageshwar Mahadev,Thane,Maharashtra,,
MA/THA/NAGI01,,"Mandir, Chinchpada Road",,,,
AN/ANA/SVR 01,Svr Multispeciality Hospital,"#1-238-5,A.P.Grameena Bank Road,",Anantapur,Andhra Pradesh,,
MA/THA/ASHI20,Ashirwad Hospital,"Manpada Aai Ashirwad Building, Umbarli Gaon",Dombivli,Maharashtra,,
Hospital Code,Hospital Name,Hospital Address,City,State,,
DE/NOR/KESA02 /,Kesar Hospital,Sultanpuri F Block,North West,Delhi,,
DE/NOR/KESA03,,,,,,
UT/GAU/KASH04,Kashvi Multi Speciality Center,"Plot No. 5, Itehda, Near Ek Murti Chauraha,",Dadri,Uttar Pradesh,,
MA/NAR/HEAL01,Healthcare Hospital Diagnostic,"Mhow-Neemuch Road, Near Saini Sweet",Mhow,Madhya Pradesh,,
HI/SHI/TARA01,Tara Hospital,"Pd Complex The Ridge Shimla 3Rd Floor, Up-",Shimla,Himachal Pradesh,,
PU/SAH/RADI01,Radiance Hospital,Opp Jtpl City Sec-127 Kharar Landran Road,Sahibzada,Punjab,,
HA/MAH/JAIP03,Jaipur Heart And General Hospital,"Opp. Police Station, New Mandi Road, Narnaul,",Mahendergarh,Haryana,,
MA/GWA/AMRI02,Amrit Hospital,Adrash Colony Gole Ka Mandir,Gwalior,Madhya Pradesh,,
MA/THA/SADG06,Sadguru Multispeciality Hospital,Deepak ;Castle Building A- 103/104 First Floor,Thane,Maharashtra,,
MA/GWA/SHIV2205,Shivay Multispeciality Hospital,Near St Paul Scholl Bhagwati Plaza River View,Gwalior,Madhya Pradesh,,
KA/BAN/SHRI15,Shri Sadguru Multispeciality,"No. 753/3/1, Venkatala, Yelahanka Hobli, Ward",Bangalore,Karnataka,,
HA/GUR/SHEE173,Sheetla Mata Hospital,H No 56 Near Sahaj Yog Sewa Kendra,Gurugram,Haryana,,
HA/GUR/SHEE173,,,,,,
MA/GWA/GLOB01,Global Speciality Hospital,Behind Hotel Sita Manor Gandhi Road,Gwalior,Madhya Pradesh,,
CH/DUR/HITE01/,Hitek Superspeciality Hospital,"Junwani Road, Near Surya Ti Mall",Durg,Chhattisgarh,,
CH/DUR/HI T02/,,,,,,
CH/DUR/HI T01,,,,,,
MA/GWA/SHUB01,Shubham Superspeciality Hospital,"39, Shriram Colony, Near Madhav Nagar",Gwalior,Madhya Pradesh,,
/MA/CHH/SHUB02,,"Chouraha, Behind Prabha International Hotel",,,,
JH/RAN/MDLM02 &,Mdlm Hospital,"N.H- 33, Ranchi-Ramgarh Road (Behind",Ranchi,Jharkhand,,
JH/RAN/MDLM01,,"Choudhury Petrol Pump), Booty Ranchi -17",,,,
MA/GWA/KALY103,Kalyani Multispeciality Hospital,Near Bhagwati Marriage Garden Chouhan Piyau,Gwalior,Madhya Pradesh,,
MA/GWA/KALY103,,,,,,
MA/CHH/KALY04,,,,,,
CH/RAI/SBH 02 &,Sbh Women Hospital Pvt Ltd,B-5/7 Opp. Vejeeta Complex New Rajendra,Raipur,Chhattisgarh,,
CH/RAI/SBH 01,,"Nagar, Raipur",,,,
WE/HUG/MEDI04 &,Medisky Hospital Diagnostic,"Gobra Station Road, Chanditala, Dankuni,",Hooghly,West Bengal,,
WE/HUG/MEDI01 &,,"Hooghly, Pincode-712702",,,,
WE/HUG/MEDI02,,,,,,
MA/PUN/VIGH2456,Vighnaharta Hospital,"Near Balaji Petrol Pump,Ale Phatha, Tal Junner",Pune,Maharashtra,,
MA/PUN/VIGH01,,,,,,
UT/MEE/KMC,Kmc Hospital And Research,187 Baghpat Road,Meerut,Uttar Pradesh,,
MA/GWA/KALY103,Kalyan Memorial & Kdj Hospital,"Burdani Crossing, Morar, Gwalior",Gwalior,Madhya Pradesh,,
MA/CHH/KALY02,,,,,,
MA/BHO/ROYA04 &,Royal Hospital,"Plot No. 5 Hinotiya Kachhiyan , Ashoka Garden",Bhopal,Madhya Pradesh,,
MA/BHO/ROYA03,,Bhopal M.P.,,,,
UT/LUC/SWAS01,Swastika Hospital,Harikansh Gadi Raebareli Road,Lucknow,Uttar Pradesh,,
GU/SUR/SHIV2375,Shivanjali Multispeciality Hospital,"401,402,Shivanjali Arcade,Nr.Kashibavilla,Dada",Surat,Gujarat,,
GU/SUR/SHIV2374,,Surat,,,,
UT/HAR/NUTU01,Nutuan Ojas Multispeciality,Nh 58 Near Sabzi Mandi Sarai Road Jwalapur,Hardwar,Uttarakhand,,
GU/AHM/KHYA927,Khyati Multispeciality Hospital,"S/N 235/2,Opp Rajpath Club Road S G Highway",Ahmedabad,Gujarat,,
GU/AHM/KHYA927,,,,,,
MA/REW/NATI01 &,National Hospital,"Ward no 15, Saman Tiraha, Above Indian",Rewa,Madhya Pradesh,,
MA/REW/NATI02 &,,Overseas Bank,,,,
MA/REW/NATI03,,,,,,
MA/SHA/MKM 01,Mkm Stone And Urology Hospital,"E-1/88, Arera Colony",Bhopal,Madhya Pradesh,,
MA/SEH/NEW 03,New Devshree Hospital,Main Road Jawar Jod,Sehore,Madhya Pradesh,,
Hospital Code,Hospital Name,Hospital Address,City,State,,
MA/DAM/MISS04,Mission Hospital Damoh,"Church Compound, Rai chauraha",Damoh,Madhya Pradesh,,
/MA/DAM/MISS02,,,,,,
/MA/DAM/MISS03,,,,,,
MA/CHH/NIRV04,Nirvana Superspeciality Hospital,Near Khalsha Chowk Niranjanpur,Indore,Madhya Pradesh,,
/MA/CHH/NIRV02,,,,,,
/MA/CHH/NIRV03,,,,,,
MA/GWA/MORV01,Morvinandan Trauma and,Near Scindia Chauraha Old Railway Line,Gwalior,Madhya Pradesh,,
HA/REW/MEDI10,Medicare Hospital,"Dharuhera - Bhiwani Road, Dharuhera, Rewari,",Rewari,Haryana,,
HA/REW/KAML07,Kamla Devi Memorial Hospital And,"Dso-130, Sector-5, Opp. Bgm Mall, Rewari,",Rewari,Haryana,,
RA/ALW/KING01,Kings Hospital,"9/466, Near S.P. Office Bhiwadi, Parshuram",Bhiwadi,Rajasthan,,
HA/GUR/URVA01,Urvansh Health Care Centre,"Bhangrola Bass Road, Imt Manesar, Gurugram",Manesar,Haryana,,
UT/KAN/NEW 13,New City Hospital,B 58 Gujaini Kanpur Nagar,Kanpur Nagar,Uttar Pradesh,,
RA/ALW/MEDI02,Medicure Hospital,"Karoli Khuskhera Industrial Area, Alwar,",Alwar,Rajasthan,,
RA/ALW/BALA02,Balaji Heart And Liver,Behind Neemrana Police Station Neemran Raj,Alwar,Rajasthan,,
HA/FAR/ALEX01,Alex Hospital And Trauma Centre,"Sohna – Ballabhgarh Road, Near Police Choki,",Faridabad,Haryana,,
RA/GAN/ARYA01,Aryan Hospital,"Near Jain Mandir Palpur Road, Tijara (Tijara-",Ganganagar,Rajasthan,,
UT/LUC/GLOB2193,Global Hospital,"Bharat Gas Agency, Near Aashirvad Lawn, New",Lucknow,Uttar Pradesh,,
HA/MAH/JEEV01,Jeevaamrit Hospital,"Plot No. 4. Naichana Road, Near Royal Garden,",Bawal,Haryana,,
HA/REW/WELL01,Well Multi Speciality Hospital,Near Sarva Haryana Gramin Bank Bolni Rewari,Rewari,Haryana,,
MA/MUM/OPTI2353,Optilife Multispeciality Hospital,"Phonix Arcade Building, S. No. 15, Shivaji",Domvibeli East,Maharashtra,,
HA/HIS/AAST23533,Aastha Nursing Home,"Budana Road , Narnaund , Hisar",Hisar,Haryana,,
RA/JAI/SHRE07,Shree Ram Multispeciality Hospital,"Shrikishanpura, Near Bhoomi Mart, Jagatpura,",Jaipur,Rajasthan,,
HA/GUR/VIRA01,Viraj Hospital,"Near Gaon, Kali Chowk , Jail Rd, Near Bikaner",Gurugram,Haryana,,
HA/BHI/CHUG01,Chugh Hospital,"Circular Road, Meham Gate",Bhiwani,Haryana,,
HA/MAH/SANJ01,Sanjeevni Hospital,"Near Old Bus Stand, Gujarwas Mod, Ateli Mandi,",Mahendergarh,Haryana,,
UT/KAN/NAMA01 &,Namami Hospital,1364 Purani Basti Dhobin Puliya Hameerpur,Kanpur,Uttar Pradesh,,
UT/KAN/NAMA02,,Road,,,,
MA/NAS/SIX 17218,Six Sigma Medicare And Research,"Sadgurus, Nr. Water Tank, Mahatmanagar",Nashik,Maharashtra,,
MA/BHO/UMEE01,Umeed Multi Speciality Hospital,Radha Krishna Colony – Harond – Bhopal,Bhopal,Madhya Pradesh,,
MA/VAS/RIDD01,Riddhi Nursing Home,"Veena Sur Shyam Complex,Next To Vasant",Thane,Maharashtra,,
MA/GWA/SHUB02,Shubham Hospital,14- B Vijaya Nagar Extension,Gwalior,Madhya Pradesh,,
HA/REW/SANJ02,Sanjeevni Hospital,"Near Hdfc Bank, Pachgaon , Gurugram",Gurugram,Haryana,,
WE/KOL/HORI02,Horizon Life Line Pvt. Ltd.,"P -34, Nanigopal Roychowdhury Avenue (Cit",Kolkata,West Bengal,,
HA/SON/B M 01,B M Hospital,Rohtak Road Near Bus Stand Gohana Sonipat,Sonipat,Haryana,,
HA/FAR/DR,Dr Shobhnath Yadav Memorial,"Plot No.1 Bp, Nh-1, Near Bata Flyover, Nit",Faridabad,Haryana,,
S14583,Hospital,,,,,
RA/ALW/CHAR01,Charak Ayurveda Chikitsalaya,"Bawal Road, Near Hanuman Mandir,",Alwar,Rajasthan,,
DE/NOR/PREM02,Prem Hospital,"Meer Vihar, Main Mubarak Pur Road, (In Front",New Delhi,Delhi,,
DE/WES/VASU01,Vasunandan Care Hospital,"B-30 A, Kiran Garden, Matiala Road, Pillar No.-",New Delhi,Delhi,,
HA/PAN/MULT01,Multispeciality Jeewan Jyoti,"Gohana Road, Near Kishanpura Police Chowki,",Panipat,Haryana,,
MA/BHO/BHOP11,Bhopal Multispeciality Hospital,"1,7, Indra Vihar Colony, Airport Road",Bhopal,Madhya Pradesh,,
/MA/BHO/BHOP07,,,,,,
RA/ALW/SAHI02,Sahil Nursing Home,"Bhiwadi Road ,Chopanki, Tizara Alwar Raj",Alwar,Rajasthan,,
/RA/ALW/SAHI01,,,,,,
Hospital Code,Hospital Name,Hospital Address,City,State,,
RA/DHA/SHRE01,Shree Shyam Multispeciality,"G.T. Road, Jirauli Phatak Dholpur",Dhaulpur,Rajasthan,,
MA/CHH/MEDI03,Medista Hospital Unit Of,"52/A Udhyog Nagar, Ring Road, Mushkhedi",Indore,Madhya Pradesh,,
HA/JHA/MEER01,Meeraj Multispeciality Hospital,"145/B, Near Mokhra Mor (Main Road), Bahu",Jhajjar,Haryana,,
MA/AKO/WANK03,Wankhade Hospital Orthopaedic,Anant Nagar Old Balapur Naka Akola,Akola,Maharashtra,,
HA/GUR/GALA02,Galaxy One Hospital,"New Palam Vihar, Gurugram",Gurugram,Haryana,,
MA/RAI/AROG1412,Arogya Multi-Speciality Hospital,"Sky Line Residency, Plot No. A-101. 1St Floor ,",Raigarh,Maharashtra,,
MA/THA/RKM 01,Rkm Ayurveda Hospital,"Tomeena Height, Ground Flood, Evershine-",Thane,Maharashtra,,
MA/AHM/MEDI04,Medistar Multispeciality Hospital,"Vedant Nagar , Nagar Manmad Road, Premdan",Ahmadnagar,Maharashtra,,
MA/AHM/NATH01,Nath Hospital,"Pimpalgaon Malvi, Tal-Nagar, Dis.-Ahmednagar-",Ahmadnagar,Maharashtra,,
MA/BID/DRUS01,Drushti Netralay & Tirupati,"Sathe Chowk, Jalna Road Beed, District - Beed",Bid,Maharashtra,,
MA/PUN/SHUB04,Shubhasahree Multispecialty,Main Market Dehuroad Near Railway Station,Pune,Maharashtra,,
MA/PUN/SHRI2390,Shri Sant Tukaram Hospital,"104, Esat Mumbai - Pune Road,Dehuroad, Pune",Pune,Maharashtra,,
MA/BID/SHRI05,Shri Siddhivinayak Netralaya,"Besides Govt Rest House, Nagar Road,",Bid,Maharashtra,,
MA/PUN/MANA01,Manavata Hospital,"Aip-Dawadmala, Birawadi Ambethan Road, Tal",Pune,Maharashtra,,
RA/JAI/JOYO01,Joyous Superspeciality Hospiatl,"B-35, Saket Colony, Khada Basti, Adarsh Nagar",Jaipur,Rajasthan,,
RA/JAI/OM N01,Om Nursing Home Hospital,"Plto No. 18, Guru Colony Opp. Radha Krishan,",Jaipur,Rajasthan,,
HA/FAR/GOLD04,Golden Hospital,"Gali No. 3, Main Market Village Tikawli , Sector -",Faridabad,Haryana,,
UT/ALI/ARUN01,Arun Hospital,"New Iqra Colony Jamalpur Dhorra, Aligarh",Aligarh,Uttar Pradesh,,
UT/LUC/USHA01,Usha Hospital,"E-308, Sector 6, Gomti Nagar Extension,",Lucknow,Uttar Pradesh,,
UT/KAN/MAX 01,Max Hospital,"Gujaini Highway, Kanpur",Kanpur,Uttar Pradesh,,
UT/MAT/ROYA01,Royal Krishna Hospital,Barari Nh2 Highway Mathura,Mathura,Uttar Pradesh,,
UT/ALL/FIRO01,HOSPITAL,"Mirzapur Road, Rampur, Karchhana,",Allahabad,UTTAR PRADESH,,
UT/MAH/JAIG01,Jaigurudev multi speciality hospital,NAGAR,Mathura,Uttar Pradesh,,
UT/MOR/NEW 03,NEW TORRENT NURSING HOME,NH 09 SAMBHAL CHORAHA JOYA AMROHA,MORADABAD,UTTAR PRADESH,,
RA/JAI/VINA05,Vinayak Surgical Centre,"52 Ganesh Nagar -5, Macheda",JAIPUR,RAJASTHAN,,
RA/JAI/JHA 02,JHA HOSPITAL,"HATHOJ BUS STAND, KALWAR ROAD",JAIPUR,RAJASTHAN,,
RA/JAI/JHA 03,,,,,,
HA/GUR/KALY02,Kalyan Healthcare centre,Ashok Vihar PH-3,GURGAON,HARYANA,,
HA/FAR/AYUS01,Ayushkama hospital,"ROAD, OPP-WAZIRPUR VILLAGE, GRATER",FARIDABAD,,,
UT/DEH/JEEV03,Jeevan Jyoti Hospital,,DEHRADUN,UTTARAKHAND,,
MA/BET/KUSU01,kusum memorial hospital,"Motidhana, Shahpur",BETUL,MADHYA PRADESH,,
MA/BHO/KNP 01,RESEARCH CENTER,BAGLI ROAD MISROD,BHOPAL,MADHYA PRADESH,,
MA/AKO/THOR19082,THORAT HOSPITAL,,,,,
HA/JHA/DR R01,,,,HARYANA,,
HA/MEW/ABM 01,Abm Hospital,Delhi-Alwar Road Near Balaji Petrol Pump,Nuh,HARYANA,,
HA/MEW/NAGM01,Nagma Hospital,Hithin road renar anytime Gym Sudaka,Nuh,HARYANA,,